"conversation_id_str","created_at","favorite_count","full_text","id_str","image_url","in_reply_to_screen_name","lang","location","quote_count","reply_count","retweet_count","tweet_url","user_id_str","username"
"1774587235943465444","Sun Mar 31 23:59:01 +0000 2024","0","Perasaanku sekarang lagi dipenuhi sama rasa cintaku ke seseorang dan aku berusaha buat itu","1774587235943465444","","","in","","0","0","0","https://x.com/mahvudjaynah/status/1774587235943465444","1261081393","mahvudjaynah"
"1774418367820230748","Sun Mar 31 23:56:37 +0000 2024","0","@odankerwin @zahratunnisaf Kata siapa bre gw lebih dominan penumpang yang ngomel padahal ya dia yang ngasih alamat kita kan driver nganter sesuai titik ","1774586629228843143","","odankerwin","in","Gambir, Indonesia","0","0","0","https://x.com/DimasArik21/status/1774586629228843143","1765021871240777728","DimasArik21"
"1774586058107433186","Sun Mar 31 23:54:21 +0000 2024","0","Win streak puasa pecah 1 ","1774586058107433186","","","in","","0","0","0","https://x.com/ItsCamoueryTwt/status/1774586058107433186","1044082794","ItsCamoueryTwt"
"1774585911818527042","Sun Mar 31 23:53:46 +0000 2024","21","Udah lama ga berangkat naik KRL https://t.co/EtOLAuERH7","1774585911818527042","https://pbs.twimg.com/media/GKCYeQObMAAMDWw.jpg","","in","","0","2","1","https://x.com/DukuhAtasBNI2/status/1774585911818527042","1504321891070185480","DukuhAtasBNI2"
"1774418367820230748","Sun Mar 31 23:52:50 +0000 2024","0","@zahratunnisaf Lah gw juga begitu malah ku gratisin misal ada kesalahan dari saya misal ntah itu batrei motor abis entah itu kesalahan lalu lintas Indonesia juga ada kok meskipun tidak semua","1774585676035666389","","zahratunnisaf","in","Gambir, Indonesia","0","0","0","https://x.com/DimasArik21/status/1774585676035666389","1765021871240777728","DimasArik21"
"1774584044187242942","Sun Mar 31 23:52:28 +0000 2024","0","xi xixixixi.........","1774585587074470288","","dimasbagus9988","in","","0","1","0","https://x.com/dimasbagus9988/status/1774585587074470288","1720023455436099584","dimasbagus9988"
"1774351019738329089","Sun Mar 31 23:52:14 +0000 2024","0","@pelangicoming @Muhamma28175295 @tiesym @MafiaWasit dr jaman evan dimas sampe egy witan masalahnya selalu dan selalu ga betah paling template biasanya masalah keluarga wkwkwk. harapan satu2nya ada di marceng yg keknya agak wani jg disana masi seumur jagung sih but we'll see klo nanti tiba2 dia pulang alasan keluarga ya kelar","1774585528463327691","","pelangicoming","in","","0","2","0","https://x.com/SkylerWhore/status/1774585528463327691","1657656257808052226","SkylerWhore"
"1774578302428344567","Sun Mar 31 23:51:37 +0000 2024","0","@urfavboiiz Gabisa","1774585373555036415","","urfavboiiz","in","","0","0","0","https://x.com/DukuhAtasBNI2/status/1774585373555036415","1504321891070185480","DukuhAtasBNI2"
"1774048415498015016","Sun Mar 31 23:50:33 +0000 2024","1","@Dimas_Aldiansah Met puasa yaaaa moga lancaaar Ô∏è","1774585104603697635","","Dimas_Aldiansah","in","","0","1","0","https://x.com/elmiraeff/status/1774585104603697635","46309974","elmiraeff"
"1774585004552802477","Sun Mar 31 23:50:09 +0000 2024","0","Wuih bareng anak Hinatazaka46","1774585004552802477","","","in","","0","0","0","https://x.com/ItsCamoueryTwt/status/1774585004552802477","1044082794","ItsCamoueryTwt"
"1774583457089503591","Sun Mar 31 23:47:37 +0000 2024","0","@PTJASAMARGA ada yang celaka truk pecah ban. Udh ada petugas https://t.co/t4kE2Dopzx","1774584363281461447","https://pbs.twimg.com/media/GKCXEZbaMAAnmBj.jpg","dimasrsw","in","Jakarta Capital Region","0","1","0","https://x.com/dimasrsw/status/1774584363281461447","1464423978","dimasrsw"
"1774583602162110578","Sun Mar 31 23:44:35 +0000 2024","1","Setidaknya mereka punya satu sama lain dan saling mencintai. Gak kayak lo modelan orang kayak tai yg dapet affection cuma dari modal kontol lo bisa dipakek apa kagak.","1774583602162110578","","","in","","0","0","0","https://x.com/mahvudjaynah/status/1774583602162110578","1261081393","mahvudjaynah"
"1774583457089503591","Sun Mar 31 23:44:00 +0000 2024","0","@PTJASAMARGA tol Pd Ranji arah Ciledug/Joglo macet https://t.co/4wsVvSnE21","1774583457089503591","https://pbs.twimg.com/media/GKCWPo-bIAAbXpx.jpg","PTJASAMARGA","in","Jakarta Capital Region","0","2","0","https://x.com/dimasrsw/status/1774583457089503591","1464423978","dimasrsw"
"1774582748902289526","Sun Mar 31 23:41:12 +0000 2024","0","Wkwkwk april mop","1774582748902289526","","","in","","0","0","0","https://x.com/coudimho/status/1774582748902289526","1629712795","coudimho"
"1774475463752314991","Sun Mar 31 23:39:05 +0000 2024","0","@muhammaroke jgn suudzon","1774582217500762454","","BarisanPemudaRI","in","Indonesia","0","0","0","https://x.com/Dimas_sigitp/status/1774582217500762454","872256088455786497","Dimas_sigitp"
"1774406795500671443","Sun Mar 31 23:36:57 +0000 2024","0","@kegblgnunfaedh Pasti menjadi hal terbiasa akhirnya kena batunya ","1774581681745465501","","kegblgnunfaedh","in","Gambir, Indonesia","0","0","0","https://x.com/DimasArik21/status/1774581681745465501","1765021871240777728","DimasArik21"
"1774296405282320677","Sun Mar 31 23:28:54 +0000 2024","0","@kegblgnunfaedh Gimana ini TNI masa satu kompi di bunuh sendiri pak","1774579652964778336","","kegblgnunfaedh","in","Gambir, Indonesia","0","0","0","https://x.com/DimasArik21/status/1774579652964778336","1765021871240777728","DimasArik21"
"1774392845178425541","Sun Mar 31 23:27:21 +0000 2024","0","@A_ZeeJKT48 Aku kangennnn","1774579266174460207","","_zeeasadel","in","","0","0","0","https://x.com/DimasBayuPray96/status/1774579266174460207","1427391165070905362","DimasBayuPray96"
"1774579250945053021","Sun Mar 31 23:27:18 +0000 2024","0","Bangun-bangun mata kanan merah banget mana belekan pula. Hadeh.","1774579250945053021","","","in","MDNI.","0","1","0","https://x.com/phllocaiist/status/1774579250945053021","1612094092615495680","phllocaiist"
"1774541182464614556","Sun Mar 31 22:12:56 +0000 2024","0","@kriptoddd @Imaginary_Ones @ParamLaboratory @GetBlockGames Belom ada info lanjut lagi ditunggu aja ya $BUBBLE $BLOCK $PARAM","1774560537936122221","","zkkripto","in","","0","0","0","https://x.com/Tousnesol_/status/1774560537936122221","1203709072819642369","Tousnesol_"
"1774438738829213927","Sun Mar 31 22:11:33 +0000 2024","0","@kangdede78 Pemimpin ngawur","1774560187837501864","","kangdede78","in","","0","0","0","https://x.com/dimasaitu_/status/1774560187837501864","116132999","dimasaitu_"
"1774543078327808198","Sun Mar 31 22:09:16 +0000 2024","0","@reze_tolka @idn_abroad Kalo bener sikat aja tuh Dimas diumur 27 tahun cocok lah ke Liga Malaysia","1774559613314343415","","reze_tolka","in","","0","0","0","https://x.com/oL0fRPXaen25817/status/1774559613314343415","1681555585240825856","oL0fRPXaen25817"
"1774478254453452943","Sun Mar 31 22:06:04 +0000 2024","0","@97O1fm apa anj apa","1774558809958293908","","97O1fm","in","kno - yia","0","0","0","https://x.com/willbehers_/status/1774558809958293908","1101859766651908096","willbehers_"
"1774558389735145770","Sun Mar 31 22:04:24 +0000 2024","0","JUJUR HARI INI SAHURNYA BENER2 20 MENIT SEBELUM ADZAN","1774558389735145770","","","in","kno - yia","0","1","0","https://x.com/willbehers_/status/1774558389735145770","1101859766651908096","willbehers_"
"1774558158733844801","Sun Mar 31 22:03:29 +0000 2024","1","yay aku sudah diabsen aku jadi semangat ngampus https://t.co/OEVEIO8lDE","1774558158733844801","https://pbs.twimg.com/amplify_video_thumb/1774558071182032896/img/qDX3Ynozk7SgjqIU.jpg","","in","Jakarta Capital Region","0","8","0","https://x.com/qrettylies/status/1774558158733844801","926414894722793472","qrettylies"
"1774470798042116370","Sun Mar 31 22:01:31 +0000 2024","0","@eackermine marah2 trus","1774557665169129572","","eackermine","in","kno - yia","0","0","0","https://x.com/willbehers_/status/1774557665169129572","1101859766651908096","willbehers_"
"1774556323386188059","Sun Mar 31 21:56:11 +0000 2024","0","Sedang menanti keanehan april mop tahun ini","1774556323386188059","","","in","","0","0","0","https://x.com/mdimastrisandi/status/1774556323386188059","1042294044502589440","mdimastrisandi"
"1774471242374083011","Sun Mar 31 21:55:49 +0000 2024","0","@liptintgincu @mibluw amiiiiin samawa yaaa DeDi (Devita Dimas) ","1774556230121554219","","liptintgincu","in","On My Way","0","1","0","https://x.com/AuUurelRN/status/1774556230121554219","227876177","AuUurelRN"
"1774554494573121734","Sun Mar 31 21:55:27 +0000 2024","0","@Dimas_Aldiansah ngecet kuriak meli tanaman","1774556136735375451","","Dimas_Aldiansah","in","","0","2","0","https://x.com/ayamtirex/status/1774556136735375451","1115922610175397889","ayamtirex"
"1774395269389652258","Sun Mar 31 21:52:44 +0000 2024","0","@proclaro_lover Jadi di data pak Ganjar brp %?","1774555452413718604","","proclaro_lover","in","Jakarta Capital Region","0","0","0","https://x.com/dimasrsw/status/1774555452413718604","1464423978","dimasrsw"
"1774554887650697701","Sun Mar 31 21:52:41 +0000 2024","0","@HabisNontonFilm Puasa ga boleh bohong https://t.co/Aet5JZRsOD","1774555441185562935","https://pbs.twimg.com/tweet_video_thumb/GKB8wBia8AA8esn.jpg","HabisNontonFilm","in","Marche, Italy","0","0","0","https://x.com/Dimas_Aldiansah/status/1774555441185562935","284419778","Dimas_Aldiansah"
"1774552680909967831","Sun Mar 31 21:52:17 +0000 2024","0","@mvlrma Baru cair nih","1774555339305918825","","mvlrma","in","Cambridge, England","0","1","0","https://x.com/dimasdodii/status/1774555339305918825","1452928104","dimasdodii"
"1774555194527023371","Sun Mar 31 21:51:42 +0000 2024","0","Hari kaori sedunia","1774555194527023371","","","in","stat uns 24","0","0","0","https://x.com/jungmobatak/status/1774555194527023371","1315810877954691072","jungmobatak"
"1774548735697227889","Sun Mar 31 21:26:02 +0000 2024","0","dunia udah ga baik-baik aja since dimas mulai untuk sahur dan puasa (at least sampe dia keluar dari rumah nanti)","1774548735697227889","","","in","","0","0","0","https://x.com/spaceofsam/status/1774548735697227889","1429748062126182404","spaceofsam"
"1774476184560271593","Sun Mar 31 21:25:39 +0000 2024","0","@gasukagelaiii bisnis jual beli reptil","1774548638502645855","","pndrdty","in","","0","0","0","https://x.com/DimasRa63032257/status/1774548638502645855","1607729373037363200","DimasRa63032257"
"1774548632781615337","Sun Mar 31 21:25:38 +0000 2024","0","siapa yang udah meninggal nonton windut","1774548632781615337","","","in","Jakarta Capital Region","0","2","0","https://x.com/qrettylies/status/1774548632781615337","926414894722793472","qrettylies"
"1774548409443385349","Sun Mar 31 21:24:44 +0000 2024","0","Mata kiri kedutan mulu dari kemaren mau dapet duit 271 T kali ya","1774548409443385349","","","in","Kosovo","0","0","0","https://x.com/DimasRezpector_/status/1774548409443385349","555086563","DimasRezpector_"
"1774539538037436707","Sun Mar 31 21:24:34 +0000 2024","0","@xlvhlxv Kenapa harus anomali bekasi?","1774548364069335093","","xlvhlxv","in","Marche, Italy","0","0","0","https://x.com/Dimas_Aldiansah/status/1774548364069335093","284419778","Dimas_Aldiansah"
"1774548329118240853","Sun Mar 31 21:24:25 +0000 2024","0","Biscuit isi selai buah. Slai Olla #SawityowitEdisiJKT48","1774548329118240853","","","in","Bojonegoro, Indonesia","0","0","1","https://x.com/TheManInAugust/status/1774548329118240853","1097114630709686273","TheManInAugust"
"1774543078327808198","Sun Mar 31 21:21:25 +0000 2024","0","@idn_abroad min gua dapet info dari media malaysia kalau klun Kelantan mau datengin dimas drajad bener gk? thanks","1774547571584987298","","idn_abroad","in","","0","1","0","https://x.com/reze_tolka/status/1774547571584987298","1587850252677439488","reze_tolka"
"1774547411052147166","Sun Mar 31 21:20:46 +0000 2024","0","Lagu jkt48 tentang sandwich biscuit rasa coklat. Sweet &amp; Better #SawityowitEdisiJKT48","1774547411052147166","","","in","Bojonegoro, Indonesia","0","0","1","https://x.com/TheManInAugust/status/1774547411052147166","1097114630709686273","TheManInAugust"
"1774547146794275114","Sun Mar 31 21:19:43 +0000 2024","0","Tenang ini semua tentang dunia","1774547146794275114","","","in","√úT: -7.53597,110.59597","0","0","0","https://x.com/Dimasmplux/status/1774547146794275114","414652480","Dimasmplux"
"1774542343292727373","Sun Mar 31 21:19:32 +0000 2024","0","@CErine_JKT48 udaah","1774547097070784526","","CErine_JKT48","in","Vormir","0","0","0","https://x.com/dimasfachrudin/status/1774547097070784526","114163354","dimasfachrudin"
"1774543574153207942","Sun Mar 31 21:19:04 +0000 2024","0","@Adeliner_ID Kok tiba gini minn","1774546979504398535","","Delynessence","in","","0","0","0","https://x.com/Dim_dimmm_/status/1774546979504398535","1712515672809549825","Dim_dimmm_"
"1774489509977321657","Sun Mar 31 21:18:43 +0000 2024","0","@felindraputuuu Penyakit sekaligus obat wong loro ati yoan","1774546894087442482","","felindraputuuu","in","55515","0","0","0","https://x.com/dimassaaryaa/status/1774546894087442482","1394497400245391368","dimassaaryaa"
"1774539219442225428","Sun Mar 31 21:18:06 +0000 2024","0","@DimasBhagavad makasi pak Jokowi n mas Dimas ","1774546736331284533","","DimasBhagavad","in","","0","1","0","https://x.com/calonnistriiii/status/1774546736331284533","1717193329455312896","calonnistriiii"
"1774544964015530232","Sun Mar 31 21:17:34 +0000 2024","0","@majungkuuq Kenapa niken?","1774546605296975983","","majungkuuq","in","","0","0","0","https://x.com/dimasre27u/status/1774546605296975983","1675109514","dimasre27u"
"1774521519064174931","Sun Mar 31 21:16:09 +0000 2024","0","@seIenophile_ Kamu ya","1774546248621793770","","seIenophile_","in","soc","0","0","0","https://x.com/dimasgetmail/status/1774546248621793770","4163495112","dimasgetmail"
"1774546209304347036","Sun Mar 31 21:16:00 +0000 2024","0","Merk detergen yg jadi member jkt48. So kLyn #SawityowitEdisiJKT48","1774546209304347036","","","in","Bojonegoro, Indonesia","0","0","0","https://x.com/TheManInAugust/status/1774546209304347036","1097114630709686273","TheManInAugust"
"1774334659050299876","Sun Mar 31 21:14:14 +0000 2024","0","@tempecrispi @HabisNontonFilm Eneng aku dimas sugiono","1774545767010849154","","tempecrispi","in","Yogyakarta, Indonesia","0","0","0","https://x.com/DimasBhagavad/status/1774545767010849154","1359053456900648961","DimasBhagavad"
"1774539219442225428","Sun Mar 31 21:14:13 +0000 2024","0","@tuanputeriiiiii Selamat tambah tua semoga tambah baik semuanya.. https://t.co/klkd2pq31b","1774545761549856991","https://pbs.twimg.com/ext_tw_video_thumb/1774545560349073408/pu/img/XHHXIh9HHsWSkbx4.jpg","calonnistriiii","in","Yogyakarta, Indonesia","0","1","0","https://x.com/DimasBhagavad/status/1774545761549856991","1359053456900648961","DimasBhagavad"
"1774544034821734662","Sun Mar 31 21:12:38 +0000 2024","0","@Greesel_JKT48 baru selesai","1774545361128071266","","Greesel_JKT48","in","","0","0","0","https://x.com/Dimas_cp11/status/1774545361128071266","1656254196906344450","Dimas_cp11"
"1774469354870210708","Sun Mar 31 20:27:34 +0000 2024","0","@Fajarfz2 @kangkopisayang keren","1774534022028488963","","Smelllguud","hu","","0","0","0","https://x.com/Jerapahjantan69/status/1774534022028488963","1573580665731579904","Jerapahjantan69"
"1774533977950613925","Sun Mar 31 20:27:24 +0000 2024","0","Lebih jauh gw SMA gak pernah ada kegiatan pramuka SMP malah menjadi kegiatan ekstrakulikuler pilihan bukan wajib SD sedikit proper namun ya ada masalah keuangan jadinya ya gitu deh.","1774533977950613925","","","in","","0","0","0","https://x.com/dimasharikuat/status/1774533977950613925","1562651684761128971","dimasharikuat"
"1774488977451749669","Sun Mar 31 20:26:47 +0000 2024","0","@Butterflybiru teteknya bikin sange","1774533825865146389","","Butterflybiru","in","","0","1","0","https://x.com/Jerapahjantan69/status/1774533825865146389","1573580665731579904","Jerapahjantan69"
"1774477029536346134","Sun Mar 31 20:25:58 +0000 2024","0","@xhafiree udh masak sih. 2 bungkus.","1774533617731178884","","nantiduls","in","","0","0","0","https://x.com/dimas_aldrian/status/1774533617731178884","57945984","dimas_aldrian"
"1774353224314790369","Sun Mar 31 20:22:43 +0000 2024","0","@worksfess Umur segitu masih bisa kerja kok nder. Minimal kerja di outsourcing. Kecuali situ DENIAL. Yang kalo tidak di perusahaan A tidak mau kerja. So jangan pilih-pilih ya nder. Semangat!","1774532801909670370","","worksfess","in","West Java, Indonesia","0","0","0","https://x.com/adimasnugrahaa_/status/1774532801909670370","1575066429627727872","adimasnugrahaa_"
"1774523995746123984","Sun Mar 31 20:18:33 +0000 2024","0","@mlbbfess gaaman sumpah dah","1774531751655936497","","mlbbfess","in","Jakarta Timur, DKI Jakarta","0","0","0","https://x.com/Dimasmuchlis1/status/1774531751655936497","1324908598422458368","Dimasmuchlis1"
"1774530567142621369","Sun Mar 31 20:16:18 +0000 2024","0","@jesslynnn_ca hadir ci","1774531185441652739","","jesslynnn_ca","in","Jakarta Timur, DKI Jakarta","0","0","0","https://x.com/Dimasmuchlis1/status/1774531185441652739","1324908598422458368","Dimasmuchlis1"
"1774527471712616627","Sun Mar 31 20:12:45 +0000 2024","0","@dimashwn @IndiHome @dimashwn Kak Dimas meskipun perangkat yang terhubung tidak melakukan aktifitas internet namun statusnyatetap online. Silakan kurangi pengguna ya Kak. -Uje","1774530290947641700","","dimashwn","in","Indonesia","1","0","0","https://x.com/IndiHomeCare/status/1774530290947641700","765035200896118789","IndiHomeCare"
"1774460483145539865","Sun Mar 31 20:12:07 +0000 2024","1","@ebiipurai Mana coba liat","1774530132684005540","","ebiipurai","in","","0","0","0","https://x.com/DimasAr04227956/status/1774530132684005540","1301331227274653697","DimasAr04227956"
"1773687661909225775","Sun Mar 31 20:10:46 +0000 2024","0","@semductive @aijbaja Mantep toketnya","1774529794405015909","","semductive","in","","0","1","0","https://x.com/DimasAr04227956/status/1774529794405015909","1301331227274653697","DimasAr04227956"
"1774527471712616627","Sun Mar 31 20:09:24 +0000 2024","1","@IndiHomeCare @IndiHome Itu bukan solusi. Punya saya 30 mbps. Ini juga pagi2. Gaada yg makai.","1774529449587023964","","IndiHomeCare","in","Kudus, Indonesia","0","1","0","https://x.com/dimashwn/status/1774529449587023964","356052149","dimashwn"
"1774475908474433702","Sun Mar 31 20:08:22 +0000 2024","0","@dhevitaermayuna Met pagi","1774529188269343174","","RoomMessenger","in","","0","0","0","https://x.com/DimasAr04227956/status/1774529188269343174","1301331227274653697","DimasAr04227956"
"1774421615000133632","Sun Mar 31 20:07:12 +0000 2024","0","@boby884751 laju kelahh","1774528894978465997","","boby884751","in","","0","0","0","https://x.com/mainlembut/status/1774528894978465997","1596350626359046149","mainlembut"
"1774527471712616627","Sun Mar 31 20:04:29 +0000 2024","0","@dimashwn @IndiHome @dimashwn Hai Kak Dimas. Jaringan di nomor internet akhiran 915 terpantau online dengan 6 device terhubung pengguna wifi Kakak telah melebihi optimum device. 1/2 -Uje","1774528210992279565","","dimashwn","in","Indonesia","0","0","0","https://x.com/IndiHomeCare/status/1774528210992279565","765035200896118789","IndiHomeCare"
"1774527471712616627","Sun Mar 31 20:01:33 +0000 2024","0","Indihome saya lemot min. Tolong diatasi @IndiHomeCare @IndiHome","1774527471712616627","","","in","Kudus, Indonesia","0","2","0","https://x.com/dimashwn/status/1774527471712616627","356052149","dimashwn"
"1774521153723548154","Sun Mar 31 20:01:09 +0000 2024","0","@theupgirls Apa itu mudik min padahal lagi semangat bgt bukber ","1774527373482119327","","theupgirls","in","Jakarta Pusat, DKI Jakarta ","0","0","0","https://x.com/dimaspensi/status/1774527373482119327","756820329209602048","dimaspensi"
"1774524710782726195","Sun Mar 31 19:57:22 +0000 2024","0","@yourdophamin Mau sahur coli dulu gak sih","1774526422163632351","","","in","soc","0","0","0","https://x.com/dimas_paujan/status/1774526422163632351","1513584492253880321","dimas_paujan"
"1774525173791895866","Sun Mar 31 19:56:57 +0000 2024","0","@istrineymar Bilangnya dah tidur tapi lagi cerita hari ini sus","1774526314789412979","","istrineymar","in","Cambridge, England","0","0","0","https://x.com/dimasdodii/status/1774526314789412979","1452928104","dimasdodii"
"1774525173791895866","Sun Mar 31 19:54:18 +0000 2024","0","@istrineymar Sekarang lagi callan suss","1774525648775819660","","istrineymar","in","Cambridge, England","0","1","0","https://x.com/dimasdodii/status/1774525648775819660","1452928104","dimasdodii"
"1774521153723548154","Sun Mar 31 19:53:38 +0000 2024","0","@theupgirls Jadi kapan min bukber lagi?","1774525479938412792","","theupgirls","in","Jakarta Pusat, DKI Jakarta ","0","1","0","https://x.com/dimaspensi/status/1774525479938412792","756820329209602048","dimaspensi"
"1774517847349407798","Sun Mar 31 19:47:46 +0000 2024","0","@yourdophamin Sahurrr","1774524004432519469","","","tr","soc","0","0","0","https://x.com/dimas_paujan/status/1774524004432519469","1513584492253880321","dimas_paujan"
"1774503231626027054","Sun Mar 31 19:47:33 +0000 2024","0","@Inaranipas Sahur gak?","1774523950745469245","","Inaranipas","in","soc","0","0","0","https://x.com/dimas_paujan/status/1774523950745469245","1513584492253880321","dimas_paujan"
"1774523792381120520","Sun Mar 31 19:46:55 +0000 2024","0","Sahur pisan ng jobo tekan bintaro https://t.co/kXYDyST7qR","1774523792381120520","https://pbs.twimg.com/tweet_video_thumb/GKBf-SKa8AAhPbd.jpg","","in","boyolali","0","0","0","https://x.com/Dimaseko__/status/1774523792381120520","492942117","Dimaseko__"
"1774444787950657572","Sun Mar 31 19:44:24 +0000 2024","0","@emil_franchi bukan","1774523156382036009","","emil_franchi","in","","0","0","0","https://x.com/dimas__nft/status/1774523156382036009","1485231441307119617","dimas__nft"
"1714397955380384250","Sun Mar 31 19:41:21 +0000 2024","0","@icha_86__ Awas nnt ketagihan","1774522390741193133","","MyFinancialFr12","in","","0","1","0","https://x.com/DimasAr04227956/status/1774522390741193133","1301331227274653697","DimasAr04227956"
"1774370648519008329","Sun Mar 31 19:40:08 +0000 2024","0","@sbyfess ayam bakar 25rb teh anget 5ribu sosis 10rb","1774522082787004648","","sbyfess","in","Gresik, Indonesia","0","0","0","https://x.com/bkndms/status/1774522082787004648","1152194191700549632","bkndms"
"1774496311607505158","Sun Mar 31 19:39:45 +0000 2024","0","@sbyfess hitungan 20% dari gaji udah cukup menurutku kalo kamu masih tinggal bareng ortu","1774521989329572156","","sbyfess","in","Kota Surabaya, Jawa Timur","0","0","0","https://x.com/dimassumarsis/status/1774521989329572156","969544471","dimassumarsis"
"1774521724375363778","Sun Mar 31 19:38:42 +0000 2024","0","tiap sakmarine event apapun pasti gowoane seneng campur sedih. seneng akhire penggawean mari sedih gak ngumpul arek2 neh","1774521724375363778","","","in","Gresik, Indonesia","0","0","0","https://x.com/bkndms/status/1774521724375363778","1152194191700549632","bkndms"
"1774520907408765001","Sun Mar 31 19:35:27 +0000 2024","0","Round 6-9 haha hihi Round 7-11 udah ges serius Overtime otak bekerja 100% ","1774520907408765001","","","in","Tangerang, Indonesia","0","1","0","https://x.com/masdimasajaa/status/1774520907408765001","1356887515353870336","masdimasajaa"
"1774516677914550535","Sun Mar 31 19:34:24 +0000 2024","1","@bungateratai95 Tanggung bgt pdhl","1774520639183024500","","bungateratai95","in","","0","0","0","https://x.com/DimasAr04227956/status/1774520639183024500","1301331227274653697","DimasAr04227956"
"1774517625550487876","Sun Mar 31 19:32:55 +0000 2024","1","@dewifatimahh_ Ayuk","1774520266498195662","","dewifatimahh_","in","","0","1","0","https://x.com/DimasAr04227956/status/1774520266498195662","1301331227274653697","DimasAr04227956"
"1774467615987261809","Sun Mar 31 19:30:00 +0000 2024","0","@scopiyakii menjilatt","1774519535477076011","","scopiyakii","in","","0","1","0","https://x.com/Jerapahjantan69/status/1774519535477076011","1573580665731579904","Jerapahjantan69"
"1774495933956510181","Sun Mar 31 19:28:14 +0000 2024","1","@juveindonesia @tuttosport Yang rusak setelah match vs Empoli itu hanya secara hasil. Secara permainan itu sudah hampir 3 tahun dan sering kali beruntung bisa menang tipis. kecuali di akhir Desember-Januari 2024 yang harus diakui Juve main bagus.","1774519087336706232","","juveindonesia","in","DKI Jakarta, Indonesia","0","0","0","https://x.com/dimasawdotco/status/1774519087336706232","1380761107044786177","dimasawdotco"
"1774515847475929384","Sun Mar 31 19:26:40 +0000 2024","0","@evossutsujin ngakk","1774518693776720218","","evossutsujin","in","Jakarta Capital Region","0","0","0","https://x.com/qrettylies/status/1774518693776720218","926414894722793472","qrettylies"
"1774518237516149243","Sun Mar 31 19:26:01 +0000 2024","0","@Peachyr90571463 Astaghfirullah","1774518529695666539","","Peachyr90571463","in","","0","1","0","https://x.com/Masssbroo/status/1774518529695666539","252976642","Masssbroo"
"1774500815258223077","Sun Mar 31 19:22:44 +0000 2024","0","@beenjjjjjj Dimas aditya","1774517703602229359","","beenjjjjjj","in","404 Error Not Found ","0","1","0","https://x.com/PissedDrinkers/status/1774517703602229359","996250924908625920","PissedDrinkers"
"1774517188071997559","Sun Mar 31 19:20:41 +0000 2024","0","keseharian stasiun pasming","1774517188071997559","","","in","","0","0","0","https://x.com/dimasadrinuraa/status/1774517188071997559","1596170141523664897","dimasadrinuraa"
"1774496750893691011","Sun Mar 31 19:20:37 +0000 2024","0","@karinyoo maaf","1774517173018574975","","karinyoo","nl","Utopinesia","0","0","0","https://x.com/SateDimas/status/1774517173018574975","1434836211491815429","SateDimas"
"1774344241352958276","Sun Mar 31 19:19:18 +0000 2024","0","@riniwuland12473 Pake daster yg tipis","1774516841593118933","","riniwuland12473","in","","0","0","0","https://x.com/DimasAr04227956/status/1774516841593118933","1301331227274653697","DimasAr04227956"
"1774338110601716090","Sun Mar 31 19:11:22 +0000 2024","0","@shandypul @pangeransiahaan Alah kontol Ntr kalo P diserang I lo koar genosida","1774514844298834067","","shandypul","in","Tangerang, Indonesia","0","0","0","https://x.com/kanjeng_dimass/status/1774514844298834067","1136011860132581376","kanjeng_dimass"
"1774338110601716090","Sun Mar 31 19:10:38 +0000 2024","0","@syariiiiffff @pangeransiahaan Bang lu serius apa sarkas???","1774514659749720345","","syariiiiffff","in","Tangerang, Indonesia","0","1","0","https://x.com/kanjeng_dimass/status/1774514659749720345","1136011860132581376","kanjeng_dimass"
"1774512753191080399","Sun Mar 31 19:07:52 +0000 2024","0","@firdhauna Disono jam brp una?","1774513964627698140","","upgirls_una","in","Jakarta Pusat, DKI Jakarta ","0","0","0","https://x.com/dimaspensi/status/1774513964627698140","756820329209602048","dimaspensi"
"1774513465484579234","Sun Mar 31 19:05:53 +0000 2024","0","akhirnya kembali ke habitat masing masing","1774513465484579234","","","in","Kota Bandung, Jawa Barat","0","0","0","https://x.com/ikea_alambarzah/status/1774513465484579234","839296940","ikea_alambarzah"
"1774469366320709870","Sun Mar 31 19:02:23 +0000 2024","0","@noradivaa Tp kamu bisa bikin tegang lg","1774512582428410146","","deliaanggrain","in","","0","0","0","https://x.com/DimasAr04227956/status/1774512582428410146","1301331227274653697","DimasAr04227956"
"1774290508615159875","Sun Mar 31 19:02:22 +0000 2024","0","@tanyarlfes Gw punya HP smp krn harus lomba di luar kota jd di kasih HP sm ortu","1774512579404243021","","tanyarlfes","in","","0","0","0","https://x.com/Diasidiq/status/1774512579404243021","2401898876","Diasidiq"
"1774438573393199426","Sun Mar 31 19:01:35 +0000 2024","0","@ffleurrdelyss @tanyarlfes Beda sayang kalo rujak pake petis kalo gado¬≤ pake bumbu kacang","1774512384138432991","","distaindsa","in","Kota Surabaya, Jawa Timur","0","1","0","https://x.com/dimasaksyah/status/1774512384138432991","1643776364515033088","dimasaksyah"
"1774491203926651134","Sun Mar 31 18:59:34 +0000 2024","0","@gyusseil Rillll tipikal lagu Waiji pertama didengerin agak kureng tapi lama kelamaan jadi enak. Meskipun MV nya full iluminesyennn ","1774511874798960927","","wonbitte","in","Lamongan - Surabaya","0","0","0","https://x.com/didiodie/status/1774511874798960927","176334258","didiodie"
"1774508474120180160","Sun Mar 31 18:52:14 +0000 2024","0","xi xixixi........","1774510030945194417","","dimasbagus9988","in","","0","0","0","https://x.com/dimasbagus9988/status/1774510030945194417","1720023455436099584","dimasbagus9988"
"1588756205924929537","Sun Mar 31 18:50:20 +0000 2024","0","@rudolf_dimas @evvaa36 Kirim yang viral dari Payangan Bali kak","1774509551741776329","","rudolf_dimas","in","","0","0","0","https://x.com/adtri_deni/status/1774509551741776329","1407945084750888970","adtri_deni"
"1774422046291972181","Sun Mar 31 18:48:40 +0000 2024","0","@um_fess emang bener kata orang wibu kalo ga cabul ya tolol","1774509133041164722","","um_fess","in","","0","0","0","https://x.com/DimasAdity31053/status/1774509133041164722","1763122143213256704","DimasAdity31053"
"1774507994493182241","Sun Mar 31 18:44:09 +0000 2024","0","lu ngomong ape si jir thrifting sama beli seken sama aja dimas","1774507994493182241","","","in","he/itüè≥Ô∏è‚Äç‚ößÔ∏èüè≥Ô∏è‚Äçüåà","0","0","0","https://x.com/sukunatism/status/1774507994493182241","1392078084451409926","sukunatism"
"1774436683922178227","Sun Mar 31 18:07:13 +0000 2024","0","@univ_indonesia Abu-abu bakso atau ijo billie eilish cakep sih","1774498700624310681","","univ_indonesia","in","Kosovo","0","0","0","https://x.com/DimasRezpector_/status/1774498700624310681","555086563","DimasRezpector_"
"1774473080154603642","Sun Mar 31 18:06:35 +0000 2024","1","@Chuckles_Sains @idextratime ada Dimas Hokky Titan agung","1774498541840544224","","Chuckles_Sains","in","","0","0","0","https://x.com/Ear4477/status/1774498541840544224","1501617888855478272","Ear4477"
"1769342420783931682","Sun Mar 31 18:05:26 +0000 2024","0","@falishalzhena_n Bpk kosnya ikutan nonton ga ?","1774498250810360107","","devyetanu_","in","","0","0","0","https://x.com/DimasAr04227956/status/1774498250810360107","1301331227274653697","DimasAr04227956"
"1774473080154603642","Sun Mar 31 18:05:22 +0000 2024","0","@iciikkiiwwiirr @idextratime itu ada Dimas Drajad Sananta Titan agung Hokky","1774498236499468310","","iciikkiiwwiirr","in","","0","0","0","https://x.com/Ear4477/status/1774498236499468310","1501617888855478272","Ear4477"
"1774471859586916852","Sun Mar 31 18:03:21 +0000 2024","0","@ngabngebs1 Aya ka kesel naon jang?","1774497726979522763","","ngabngebs1","in","","0","1","0","https://x.com/Yourdimass/status/1774497726979522763","1138930028534591488","Yourdimass"
"1774478920488034599","Sun Mar 31 18:02:50 +0000 2024","1","@Astuti12346 @Sarahcaresa Nah itu yg pas. Lgsg praktek","1774497598067605874","","","in","","0","0","0","https://x.com/DimasAr04227956/status/1774497598067605874","1301331227274653697","DimasAr04227956"
"1774435247616319597","Sun Mar 31 18:01:18 +0000 2024","0","@clarashytaa19 Udah pas itu","1774497209666650216","","clarashytaa19","in","","0","0","0","https://x.com/DimasAr04227956/status/1774497209666650216","1301331227274653697","DimasAr04227956"
"1774492914657423705","Sun Mar 31 18:01:01 +0000 2024","0","@kevinpramudya_ Trossard pas momen ini terlalu nafsu pen cetak gol. Tpi klo disitu posisinya Gabriel Jesus udh pasti makin ngaco gocek lagi. Martinelli udh kasih ruang malah Gak diumpan. ","1774497139319791802","","kevinpramudya_","in","North london","0","0","0","https://x.com/DimasJaee/status/1774497139319791802","2413835186","DimasJaee"
"1774488692310331467","Sun Mar 31 18:00:48 +0000 2024","0","@idextratime @bliblidotcom Lebih seru match ipul dicomeback king emyu","1774497084072186312","","idextratime","in","impeldown","0","0","0","https://x.com/keshhh_dms/status/1774497084072186312","1094065030822166528","keshhh_dms"
"1774129977463853077","Sun Mar 31 17:59:49 +0000 2024","0","@dela_2024 Suka donh","1774496840110776397","","dela_2024","in","","0","0","0","https://x.com/DimasAr04227956/status/1774496840110776397","1301331227274653697","DimasAr04227956"
"1774495714070208684","Sun Mar 31 17:56:01 +0000 2024","0","@sunkissad Normal kan?","1774495880437203281","","sunkissad","in","","0","0","0","https://x.com/RamadhisD/status/1774495880437203281","1553874297319731200","RamadhisD"
"1774472539680760052","Sun Mar 31 17:54:10 +0000 2024","0","@jogmfs Iso tuku omah jeron beteng","1774495416358519270","","jogmfs","in","Yogyakarta, Indonesia","0","1","0","https://x.com/DimasBhagavad/status/1774495416358519270","1359053456900648961","DimasBhagavad"
"1774495095267672073","Sun Mar 31 17:52:53 +0000 2024","0","Dari tim yg tiap ketemu City sama Pool jadi lumbung gol ke tim yg tak terkalahkan home (dua menang) dan away (dua draw) Progres yg menarik pak Teta. #YaGunnersYa #RamadanKareem","1774495095267672073","","","in","1927x1886","0","0","0","https://x.com/DimasFatahilla/status/1774495095267672073","246055136","DimasFatahilla"
"1774460524539101554","Sun Mar 31 17:52:31 +0000 2024","0","@fslakbr23 @GIBOLofficial laa itu ada Sananta Dimas Drajad masa iyaa gaada striker","1774495002795925934","","fslakbr23","in","","0","0","0","https://x.com/Ear4477/status/1774495002795925934","1501617888855478272","Ear4477"
"1774460524539101554","Sun Mar 31 17:51:49 +0000 2024","0","@Onethousand_D @GIBOLofficial laa itu ada Sananta sama Dimas Drajad","1774494823980098003","","enakiiin1","in","","0","0","0","https://x.com/Ear4477/status/1774494823980098003","1501617888855478272","Ear4477"
"1773997396776931623","Sun Mar 31 17:50:32 +0000 2024","0","@Dimas_Aldiansah @tanyakanrl selalu ada lagian setelah minta maaf ","1774494500347671004","","Dimas_Aldiansah","in","bandung, Indonesia","0","0","0","https://x.com/helloimlika/status/1774494500347671004","152625059","helloimlika"
"1774494421041488158","Sun Mar 31 17:50:13 +0000 2024","0","Vtmnc rinite do crlh","1774494421041488158","","","in","","0","0","0","https://x.com/perola_dimas/status/1774494421041488158","1602824572910419968","perola_dimas"
"1774397284169757134","Sun Mar 31 17:46:11 +0000 2024","0","@SP_IndiraJKT48 banyakk bgt emg jeote jeote https://t.co/Y9di0OvfD8","1774493409287541086","https://pbs.twimg.com/media/GKBEWSAaMAAnIMD.jpg","SP_IndiraJKT48","in","Surakarta, Jawa Tengah","0","0","0","https://x.com/ngokkkz/status/1774493409287541086","1766392371384872960","ngokkkz"
"1774468195589747020","Sun Mar 31 17:46:00 +0000 2024","0","@AgusMagelangan full ngapak ae mas","1774493360516104623","","AgusMagelangan","in","","0","0","0","https://x.com/dimas_kappe/status/1774493360516104623","1215519902","dimas_kappe"
"1774458590360965496","Sun Mar 31 17:45:09 +0000 2024","0","@saltykittenz @asphinot @worksfess Definisi di dahulu kan?","1774493145423917190","","adoorab0wl","in","","0","1","0","https://x.com/RamadhisD/status/1774493145423917190","1553874297319731200","RamadhisD"
"1774444509507789132","Sun Mar 31 17:45:03 +0000 2024","0","@deonhardt @yoschda gw mipa 4 cok","1774493122963357752","","","in","he/him legal","0","2","0","https://x.com/seijuzro/status/1774493122963357752","1501089115043172352","seijuzro"
"1774491433787162973","Sun Mar 31 17:40:41 +0000 2024","0","@MasMasBiassaa Emg ngincernya imbang mas","1774492024357695742","","MasMasBiassaa","in","Yogyakarta, Indonesia","0","0","0","https://x.com/DimasBhagavad/status/1774492024357695742","1359053456900648961","DimasBhagavad"
"1774480041369633237","Sun Mar 31 17:39:50 +0000 2024","0","@ailurophilos Bukan gitu","1774491807939801593","","ailurophilos","in","soc","0","0","0","https://x.com/dimasgetmail/status/1774491807939801593","4163495112","dimasgetmail"
"1774332540561805809","Sun Mar 31 17:39:30 +0000 2024","0","@urcbil yauda sini","1774491724838228034","","urcbil","in","soc","0","0","0","https://x.com/dimasgetmail/status/1774491724838228034","4163495112","dimasgetmail"
"1774489482445938835","Sun Mar 31 17:38:08 +0000 2024","0","Dimas jg mauan klo aku suruh jemput dimanapun itu walaupun ngomel dia akan ttp muterin surabaya dan jemput aku Banyak sbnernya cm yg itu dulu deh ntar cerita lagi Love u boys","1774491383488983398","","cheeljh","in","","0","0","0","https://x.com/cheeljh/status/1774491383488983398","1274648706319450113","cheeljh"
"1774431664514683208","Sun Mar 31 17:37:35 +0000 2024","0","@wiishmeeluuck gpp kak gaharus cepat penting lulus tepat waktu","1774491241847357931","","wiishmeeluuck","in","soc","0","1","0","https://x.com/dimasgetmail/status/1774491241847357931","4163495112","dimasgetmail"
"1774491177578070491","Sun Mar 31 17:37:19 +0000 2024","0","at least di musim ini city gak bisa ngalahin arsenal.","1774491177578070491","","","in","Vormir","0","0","0","https://x.com/dimasfachrudin/status/1774491177578070491","114163354","dimasfachrudin"
"1774488253770637526","Sun Mar 31 17:35:40 +0000 2024","1","@idextratime @bliblidotcom Unggul 19 poin dari emyu dan 27 poin dari celsi.","1774490760236433692","","idextratime","in","","0","0","0","https://x.com/Dimas_Majid1/status/1774490760236433692","1543276648094502912","Dimas_Majid1"
"1774431664514683208","Sun Mar 31 17:35:23 +0000 2024","0","@auraslalubenar bisa pilih yang dobel saja itu ya berarti","1774490687532368219","","auraslalubenar","in","soc","0","0","0","https://x.com/dimasgetmail/status/1774490687532368219","4163495112","dimasgetmail"
"1774489511483039917","Sun Mar 31 17:35:10 +0000 2024","0","@idextratime Eti di penutup akhir bulan ini berhasil tembus 1 juta followers ngomong¬≤ sekarang 1 April ya Eti? https://t.co/lcNU3cec3v","1774490635065860102","https://pbs.twimg.com/media/GKBB1A1asAArFsu.png","idextratime","in","","0","0","0","https://x.com/DimasAN48/status/1774490635065860102","1287767622843432961","DimasAN48"
"1774077301095096409","Sun Mar 31 17:34:52 +0000 2024","0","@kikysaputrii Mba @kikysaputrii GK Mau Longgarin Jadwal?? Mohon Maaf Kan Sempet Ke Guguran","1774490561598357752","","kikysaputrii","in","","0","0","0","https://x.com/DimasPramuja77/status/1774490561598357752","1653074339628224513","DimasPramuja77"
"1774431664514683208","Sun Mar 31 17:34:18 +0000 2024","0","@letstrydude sender saja juga bingung ini","1774490415389114800","","letstrydude","in","soc","0","0","0","https://x.com/dimasgetmail/status/1774490415389114800","4163495112","dimasgetmail"
"1774489482445938835","Sun Mar 31 17:32:43 +0000 2024","0","Aku suka lupa war tiket kereta hari jumat dan dimas akan selalu nanya pulang apa ngga dan tbtb dah ada aja tiket buat aku pulang jumat malem. Aku suka keluar main malem pulang pun naik kereta malem dan kakak/ sepupuku selalu mau aja jemput dimanapun","1774490020268879942","","cheeljh","in","","0","2","0","https://x.com/cheeljh/status/1774490020268879942","1274648706319450113","cheeljh"
"1774431664514683208","Sun Mar 31 17:32:21 +0000 2024","0","@wiishmeeluuck Iya bener juga sih lulus berapa tahun kuliahnya?","1774489927352467907","","wiishmeeluuck","in","soc","0","1","0","https://x.com/dimasgetmail/status/1774489927352467907","4163495112","dimasgetmail"
"1774489281349968212","Sun Mar 31 17:32:01 +0000 2024","2","@idextratime tadi juga ada siapa itu gampang banget ngambil bola dari kaki doku wkwk. tomiyasu keknya","1774489841151164516","","idextratime","in","Vormir","0","0","0","https://x.com/dimasfachrudin/status/1774489841151164516","114163354","dimasfachrudin"
"1774488778188669215","Sun Mar 31 17:30:23 +0000 2024","0","@jabbarp_ Beruntung haaland sama doku lagi cosplay jadi nunez dan sterling bang","1774489430323282248","","jabbarp_","in","","0","1","0","https://x.com/DimasAl82089557/status/1774489430323282248","1247507657520373760","DimasAl82089557"
"1774485004791488657","Sun Mar 31 17:29:46 +0000 2024","2","@idn_abroad i hope sebanyak banyak nya kalo ada pemain bagus yang mau","1774489276803318113","","idn_abroad","in","tribun","0","0","0","https://x.com/sleepypetter/status/1774489276803318113","1662166336636850178","sleepypetter"
"1774453402577289290","Sun Mar 31 17:29:46 +0000 2024","0","@assertndayy Bener itu","1774489276526604379","","assertndayy","in","soc","0","0","0","https://x.com/dimasgetmail/status/1774489276526604379","4163495112","dimasgetmail"
"1774469266936652118","Sun Mar 31 17:29:30 +0000 2024","1","@Maulana90458814 Sama sama kuat bye om met rehat ya","1774489209463779492","","Maulana90458814","in","Jakarta Selatan  üá≤üá®","0","1","0","https://x.com/Dimasbravia1102/status/1774489209463779492","1315667947877142528","Dimasbravia1102"
"1774434245383246274","Sun Mar 31 17:29:24 +0000 2024","0","@hanadulsett_ Boleh mutualan gak kak","1774489184558055909","","hanadulsett_","in","soc","0","0","0","https://x.com/dimasgetmail/status/1774489184558055909","4163495112","dimasgetmail"
"1774431664514683208","Sun Mar 31 17:28:29 +0000 2024","0","@shedieatdec smgt akak","1774488952189399494","","whatudorn","in","soc","0","0","0","https://x.com/dimasgetmail/status/1774488952189399494","4163495112","dimasgetmail"
"1774488932610363515","Sun Mar 31 17:28:24 +0000 2024","0","Pucuk sementara","1774488932610363515","","","in","Ba Sing Se","0","0","0","https://x.com/deidiemamas/status/1774488932610363515","250502580","deidiemamas"
"1774469266936652118","Sun Mar 31 17:27:45 +0000 2024","1","@Dimasbravia1102 Draw 0-0 Dimas ... ","1774488767728091415","","Dimasbravia1102","lt","Kota Bandung","0","1","0","https://x.com/Maulana90458814/status/1774488767728091415","1390499869236731906","Maulana90458814"
"1774431664514683208","Sun Mar 31 17:26:55 +0000 2024","0","@ailurophilos toss dulu","1774488559480959309","","ailurophilos","in","soc","0","0","0","https://x.com/dimasgetmail/status/1774488559480959309","4163495112","dimasgetmail"
"1774431664514683208","Sun Mar 31 17:26:45 +0000 2024","0","@wiishmeeluuck wahh keren ya","1774488517961494919","","wiishmeeluuck","in","soc","0","1","0","https://x.com/dimasgetmail/status/1774488517961494919","4163495112","dimasgetmail"
"1774094099068666135","Sun Mar 31 17:26:30 +0000 2024","0","@wiishmeeluuck Bahaya ta","1774488453264314551","","wiishmeeluuck","in","soc","0","0","0","https://x.com/dimasgetmail/status/1774488453264314551","4163495112","dimasgetmail"
"1774209955509493771","Sun Mar 31 17:23:42 +0000 2024","0","@icikiwir_08 @golkar_id @airlangga_hrt @prabowogibran2 Waktu gw SD THN 90an Pernah merasakan makan siang Gratis . biasanya habis olah Raga dan senam SKJ","1774487750777184462","","romoatheist","in","Bekasi Timur, Indonesia","0","0","0","https://x.com/DimasGP2/status/1774487750777184462","1040809057920049152","DimasGP2"
"1774486879657927156","Sun Mar 31 17:20:15 +0000 2024","0","Yatuhan Trossard","1774486879657927156","","","in","rumah pager item","0","0","0","https://x.com/DimasAcong/status/1774486879657927156","177842782","DimasAcong"
"1774469266936652118","Sun Mar 31 17:19:52 +0000 2024","1","@Maulana90458814 Dimas Jago in Mancester City aja Sedang taruhan sama. Daddy ","1774486783268667461","","Maulana90458814","in","Jakarta Selatan  üá≤üá®","0","1","0","https://x.com/Dimasbravia1102/status/1774486783268667461","1315667947877142528","Dimasbravia1102"
"1774486745889017938","Sun Mar 31 17:19:51 +0000 2024","9","Video musik About a Boy sepertinya jadi video musik Ballads of the Cliche yang menampilkan wajah setiap personil. Gak pede sebenernya tapi yah namanya udah dibikinin gratisan masa mau protes juga https://t.co/WG6cdDpB4G","1774486780164849834","","dimasario","in","","2","2","1","https://x.com/dimasario/status/1774486780164849834","16021313","dimasario"
"1774486745889017938","Sun Mar 31 17:19:50 +0000 2024","4","Berikut penjelasan Angga yang saya screenshot dari email mengenai video musik About a Boy https://t.co/CTl2d2DyIf","1774486776562004026","https://pbs.twimg.com/media/GKA-UOKaQAAzgwY.jpg","dimasario","in","","0","2","0","https://x.com/dimasario/status/1774486776562004026","16021313","dimasario"
"1774486745889017938","Sun Mar 31 17:19:48 +0000 2024","2","Kelanjutan perkenalan itu Angga menawarkan untuk buatin video musik untuk lagu About a Boy secara cuma-cuma. Sebagai band kere yang cukup lucky bastard tentunya kami menerima rejeki tersebut dengan penuh suka cita.","1774486766843732432","","dimasario","in","","0","1","0","https://x.com/dimasario/status/1774486766843732432","16021313","dimasario"
"1774486766684368923","Sun Mar 31 17:19:48 +0000 2024","2","Selamat paskah untuk pacarku tercintaaa","1774486766684368923","","","in","","0","0","0","https://x.com/dimaskeple/status/1774486766684368923","1237228844706234368","dimaskeple"
"1774486745889017938","Sun Mar 31 17:19:47 +0000 2024","3","Sewaktu premier film saya dan teman-teman Ballads of the Cliche berkenalan dengan Angga Sasongko yang saat itu kayaknya baru merintis karirnya sebagai sutradara. Keterlibatan Angga di CAS waktu itu sebagai asisten sutradara dari Hanung Bramantyo.","1774486763865784823","","dimasario","in","","0","1","0","https://x.com/dimasario/status/1774486763865784823","16021313","dimasario"
"1774486745889017938","Sun Mar 31 17:19:46 +0000 2024","3","Film CAS rilis di bulan Maret 2005 dan kalau gak salah soundtracknya juga dirilis bersamaan. Lagu I Remember ciptaan kak @rikoprayitn0 dengan bandnya Mocca yang didaulat jadi focus track album yang juga dibikinin video musiknya.","1774486761131081781","","dimasario","in","","0","2","1","https://x.com/dimasario/status/1774486761131081781","16021313","dimasario"
"1774486745889017938","Sun Mar 31 17:19:46 +0000 2024","4","Dari awal saya membayangkan lagu ini ada string section. Untung ada fee produksi jadi bisa hire pemain string. String direkam di studio Aru milik Ari Renaldi yang kini sebagai produser Tulus Yura Yunita dll. Mas Ari juga yang mixingin lagu About a Boy ini.","1774486758375448839","","dimasario","in","","0","1","1","https://x.com/dimasario/status/1774486758375448839","16021313","dimasario"
"1774486745889017938","Sun Mar 31 17:19:45 +0000 2024","9","Setelah membaca skenarionya kepikiran untuk buat lagu yang dapat mewakili para tokoh utama di film. Setelah melodi dan bagan lagu tercipta saya lalu memberikan demo mentah kepada vokalis Bobby Alvianto yang kemudian menulis liriknya. Bobby juga yang memberi judul About a Boy https://t.co/XEBph6zfGX","1774486754931949994","https://pbs.twimg.com/media/GKA-TBUbkAATFid.jpg","dimasario","in","","0","3","1","https://x.com/dimasario/status/1774486754931949994","16021313","dimasario"
"1774486745889017938","Sun Mar 31 17:19:43 +0000 2024","445","Circa 2004 tiba-tiba Ballads of the Cliche dapet tawaran dari FFWD Records untuk ngisi soundtrack sebuah film mengenai anak SMA. Setelah menerima tawaran tersebut kami dikirimin hard copy skenario film tersebut yang ternyata berjudul Catatan Akhir Sekolah (CAS). https://t.co/cI4jOxj93y","1774486745889017938","https://pbs.twimg.com/media/GKA-STmbEAAcD0A.jpg","","in","","7","14","103","https://x.com/dimasario/status/1774486745889017938","16021313","dimasario"
"1774484665174528267","Sun Mar 31 17:18:06 +0000 2024","0","@swordtips Boring bjir euy","1774486340664791160","","swordtips","in","rumah pager item","0","1","0","https://x.com/DimasAcong/status/1774486340664791160","177842782","DimasAcong"
"1774486139468226786","Sun Mar 31 17:17:18 +0000 2024","0","bukber hari ini dengan bim reguler se jabodetabek banyak banget orang keren terimakasih!! https://t.co/NPVBXLrTFH","1774486139468226786","https://pbs.twimg.com/media/GKA9u5jbAAA7UC7.jpg","","in","","0","0","0","https://x.com/quaantuum/status/1774486139468226786","1280316508183261185","quaantuum"
"1774485788685983806","Sun Mar 31 17:15:55 +0000 2024","0","kata gua mah mending lu bedua seri aja","1774485788685983806","","","in","tangerang","0","0","0","https://x.com/dimsfolks/status/1774485788685983806","4225740794","dimsfolks"
"1774485335676010600","Sun Mar 31 17:14:07 +0000 2024","1","orang orang yang bikin opini pribadi dan nyantumin 271 T ini copy ga ya besaran itu tuh taksiran kerugian? cmiiw","1774485335676010600","","","in","","0","0","0","https://x.com/jdbdimas/status/1774485335676010600","521406866","jdbdimas"
"1774485321574744458","Sun Mar 31 17:14:03 +0000 2024","0","Dimas Kicimpring. Bubub uyong ultah cuy (Btw udh pake wm baru ygy) https://t.co/CdkDBeORws","1774485321574744458","https://pbs.twimg.com/media/GKA8_n9bcAAYsKJ.jpg","","in","barbershop Mas rusdi, Bogor","0","0","0","https://x.com/SpTWoHaCt4rBtD/status/1774485321574744458","1395567821346594819","SpTWoHaCt4rBtD"
"1774485067144028558","Sun Mar 31 17:13:37 +0000 2024","0","@thejurgenholic @bliblidotcom Gabus itu berulah lagi","1774485210849218812","","thejurgenholic","in","Ba Sing Se","0","0","0","https://x.com/deidiemamas/status/1774485210849218812","250502580","deidiemamas"
"1774484817243263366","Sun Mar 31 17:12:03 +0000 2024","0","Apik tenan","1774484817243263366","","","in","","0","0","0","https://x.com/ddreamsburndown/status/1774484817243263366","141540345","ddreamsburndown"
"1774460524539101554","Sun Mar 31 17:10:12 +0000 2024","0","@fslakbr23 @GIBOLofficial Ada sananta dimas drajad spaso striker persik tibo dan muklis hadi","1774484353885819076","","fslakbr23","in","Tasikmalaya, Jawa Barat","0","0","0","https://x.com/Ti_Tasikkkkk/status/1774484353885819076","1663377647630708736","Ti_Tasikkkkk"
"1774483697531863094","Sun Mar 31 17:10:07 +0000 2024","0","@fourthcil LAHHH IYAA SALAHH ORGGH mff kak tdi abis bahas temenku yg namanya dimas ","1774484331538604434","","fourthcil","in","archive au soon","0","0","0","https://x.com/shaakein/status/1774484331538604434","1507035135870652417","shaakein"
"1774035430230593682","Sun Mar 31 17:09:19 +0000 2024","0","@aelsgallery ael namaku jugaa tp nama rl ((tmi))","1774484131621314845","","aelsgallery","in","he/him legal","0","1","0","https://x.com/seijuzro/status/1774484131621314845","1501089115043172352","seijuzro"
"1774483722152333543","Sun Mar 31 17:07:42 +0000 2024","0","miss u @serginhovandijk striker jago sayang cuma sebentar kalo di usia matang mungkin udah bawa @persib juara sepertinya","1774483722152333543","","","in","tribun","0","0","0","https://x.com/sleepypetter/status/1774483722152333543","1662166336636850178","sleepypetter"
"1774483704775356505","Sun Mar 31 17:07:38 +0000 2024","0","Plis city vs arsenal imbang aja ya","1774483704775356505","","","in","Ba Sing Se","0","0","0","https://x.com/deidiemamas/status/1774483704775356505","250502580","deidiemamas"
"1774482099225157959","Sun Mar 31 17:06:49 +0000 2024","0","@fourthcil aku kepikiran what if ayes kenal duluan sama gogon so dia gak akan dapet trauma dari dimas. (tapi ini ketebak alurnya yang sangat mulus sih) tapi pengen...","1774483502341529890","","fourthcil","in","archive au soon","1","0","1","https://x.com/shaakein/status/1774483502341529890","1507035135870652417","shaakein"
"1774482998613938504","Sun Mar 31 17:04:49 +0000 2024","0","Teu bisa sare kieu euy","1774482998613938504","","","in","","0","0","0","https://x.com/dimasprayoga71/status/1774482998613938504","406242690","dimasprayoga71"
"1774460890286641272","Sun Mar 31 17:04:45 +0000 2024","0","@Txtmlbb Match aib buat dewa gk dikasih kill sampe end ","1774482980171546908","","Txtmlbb","in","","0","0","0","https://x.com/MuqorRo54850906/status/1774482980171546908","1600998926781669376","MuqorRo54850906"
"1774478133984661802","Sun Mar 31 17:04:09 +0000 2024","1","@adnidaaa Ogheyy","1774482827968647180","","adnidaaa","in","Kota Surabaya, Jawa Timur","0","0","0","https://x.com/dimasaksyah/status/1774482827968647180","1643776364515033088","dimasaksyah"
"1774482729440292922","Sun Mar 31 17:03:45 +0000 2024","0","Boring gini Arsenal gimana dong","1774482729440292922","","","in","rumah pager item","0","0","0","https://x.com/DimasAcong/status/1774482729440292922","177842782","DimasAcong"
"1774478786786157047","Sun Mar 31 17:03:03 +0000 2024","0","@changalaaa Ya diemin aja bentar pas mulai tergoda mulai sikat ","1774482552235167955","","changalaaa","in","Marche, Italy","0","0","0","https://x.com/Dimas_Aldiansah/status/1774482552235167955","284419778","Dimas_Aldiansah"
"1774479907336458337","Sun Mar 31 17:02:42 +0000 2024","0","@ardynshufi etam tetep kuch? niin pan ker cidera kamari lawan bhayangkara","1774482464419066033","","ardynshufi","in","tribun","0","0","0","https://x.com/sleepypetter/status/1774482464419066033","1662166336636850178","sleepypetter"
"1774476289807909013","Sun Mar 31 17:01:23 +0000 2024","0","@edensorian Padahal gua nanya :(","1774482134335680670","","edensorian","in","Zimbabwe","0","0","0","https://x.com/BakhDimSul/status/1774482134335680670","2843942354","BakhDimSul"
"1774481585909445043","Sun Mar 31 16:59:13 +0000 2024","1","hrs teliti liat notif twit yg komen mba selin atau mas dimas bikos uname dua duanya sgt brbudaya beraksara.","1774481585909445043","","","in","Nusantara","0","0","0","https://x.com/butanuna/status/1774481585909445043","1221788424748728320","butanuna"
"1774377158292783501","Sun Mar 31 16:58:09 +0000 2024","0","@QianzyZ Kacau nih cewek ","1774481320204537956","","QianzyZ","in","","0","0","0","https://x.com/dimas3513/status/1774481320204537956","1082014653922734080","dimas3513"
"1774478133984661802","Sun Mar 31 16:58:08 +0000 2024","1","@adnidaaa Ada fitur buat liat riwayat tontonan sebelumnya mbak din di tiktok","1774481314743537865","","adnidaaa","in","Kota Surabaya, Jawa Timur","0","2","0","https://x.com/dimasaksyah/status/1774481314743537865","1643776364515033088","dimasaksyah"
"1774476180730917301","Sun Mar 31 16:45:53 +0000 2024","2","@beemaduuu11 Msh hot","1774478231435170158","","mamyquen","in","","0","0","0","https://x.com/DimasAr04227956/status/1774478231435170158","1301331227274653697","DimasAr04227956"
"1774477537609195690","Sun Mar 31 16:45:51 +0000 2024","0","@A_LuluJKT48 Yaudah iya tidur","1774478222782308625","","A_LuluJKT48","in","Zimbabwe","0","0","0","https://x.com/BakhDimSul/status/1774478222782308625","2843942354","BakhDimSul"
"1774478220982939760","Sun Mar 31 16:45:50 +0000 2024","0","KANTONGIN TERUS SI ERLING-ERLING ITU GAESS","1774478220982939760","","","in","Vormir","0","0","0","https://x.com/dimasfachrudin/status/1774478220982939760","114163354","dimasfachrudin"
"1737407922316218645","Sun Mar 31 16:44:26 +0000 2024","0","@CloudyCrush__ Kangen ayu dimas ","1774477869093474804","","CloudyCrush__","in","","0","0","0","https://x.com/hsn_uma/status/1774477869093474804","1301865701708189700","hsn_uma"
"1774473561765499167","Sun Mar 31 16:43:10 +0000 2024","0","@M_OlineJKT48 gadang nya bermanfaat kok lin hahhaha https://t.co/M6fVvDHQvj","1774477548807975017","https://pbs.twimg.com/media/GKA17QaaYAAAdfP.jpg","M_OlineJKT48","in","Bojonegoro, Indonesia","0","0","0","https://x.com/Dimas_nggeh/status/1774477548807975017","1668603355072184320","Dimas_nggeh"
"1774400475590496587","Sun Mar 31 16:39:40 +0000 2024","0","@abiyogagp @aunrrahman @id_fm Sudah terlihatkan gmana Evan Dimas Andik Ilhamudin diusianya yg masih muda tapi kualitas sudah menurun mungkin karena faktor kualitas liga juga","1774476669589610540","","abiyogagp","in","Depok, Indonesia","0","0","0","https://x.com/ferryferrdian/status/1774476669589610540","234214762","ferryferrdian"
"1774334659050299876","Sun Mar 31 16:38:20 +0000 2024","0","@HabisNontonFilm 100/10 ini film aseli keren banget sih menurut gua","1774476331100856664","","HabisNontonFilm","in","Lampung, Indonesia","0","0","0","https://x.com/Dimas_sanjaya03/status/1774476331100856664","986088799963774976","Dimas_sanjaya03"
"1774469650946154868","Sun Mar 31 16:38:14 +0000 2024","0","@deonhardt @phiewpheiw ih bagus bgt muhammad ael gamake nunut","1774476307335913819","","","in","he/him legal","0","1","0","https://x.com/seijuzro/status/1774476307335913819","1501089115043172352","seijuzro"
"1774476289807909013","Sun Mar 31 16:38:10 +0000 2024","0","Loh ganti role bro ? @edensorian","1774476289807909013","","","in","Zimbabwe","0","1","0","https://x.com/BakhDimSul/status/1774476289807909013","2843942354","BakhDimSul"
"1774476201555619984","Sun Mar 31 16:37:49 +0000 2024","1","film yang menginspirasi gua untuk bikin video perpisahan (ala Catatan Akhir Sekolah) waktu smp kesampean sih walopun melenceng dikit dari konsep tapi sayangnya pas penanyangan gua gak bisa ikut nonton nyoba nerusin dimasa smk dan gatot secara konsep karna banyak faktor ","1774476201555619984","","","in","Lampung, Indonesia","0","0","0","https://x.com/Dimas_sanjaya03/status/1774476201555619984","986088799963774976","Dimas_sanjaya03"
"1774469650946154868","Sun Mar 31 16:36:29 +0000 2024","0","@phiewpheiw perek","1774475868028727741","","phiewpheiw","in","he/him legal","0","0","0","https://x.com/seijuzro/status/1774475868028727741","1501089115043172352","seijuzro"
"1773973059843858776","Sun Mar 31 16:35:47 +0000 2024","0","@tawajkt Malu dong ","1774475691003973755","","tawajkt","in","","0","0","0","https://x.com/dimas3513/status/1774475691003973755","1082014653922734080","dimas3513"
"1774469650946154868","Sun Mar 31 16:35:46 +0000 2024","0","@deonhardt @phiewpheiw ywdh gpp kl org tau berarti dia ngestalk","1774475686860001336","","","in","he/him legal","0","1","0","https://x.com/seijuzro/status/1774475686860001336","1501089115043172352","seijuzro"
"1774475511269650679","Sun Mar 31 16:35:04 +0000 2024","0","kelar sudah kuduga pasti kalo cuma 1 sisen dibuat penasaran doang","1774475511269650679","","","in","Jakarta Capital Region","0","0","0","https://x.com/qrettylies/status/1774475511269650679","926414894722793472","qrettylies"
"1774469650946154868","Sun Mar 31 16:35:04 +0000 2024","0","@phiewpheiw YANG PLS INI ANITWT","1774475509067665623","","phiewpheiw","in","he/him legal","0","1","0","https://x.com/seijuzro/status/1774475509067665623","1501089115043172352","seijuzro"
"1774469650946154868","Sun Mar 31 16:34:53 +0000 2024","0","@deonhardt @phiewpheiw WOYY INI ANITWT GW AJGG JGN SEBUT NAMA ASLI ","1774475464125591911","","","in","he/him legal","0","1","0","https://x.com/seijuzro/status/1774475464125591911","1501089115043172352","seijuzro"
